metric_id,band_name,month,total_streams,monthly_listeners,playlist_adds,social_media_followers
"1","Eternal Void","2023-08","3567570","209857","14689","25686"
"2","Eternal Void","2023-09","4637635","289852","43799","35334"
"3","Eternal Void","2023-10","4241626","223243","34931","62376"
"4","Eternal Void","2023-11","4737477","278675","34215","87269"
"5","Eternal Void","2023-12","4062484","203124","19429","72016"
"6","Eternal Void","2024-01","4471751","178870","17887","83046"
"7","Eternal Void","2024-02","4464482","186020","19532","76533"
"8","Eternal Void","2024-03","4311669","187463","33317","84180"
"9","Eternal Void","2024-04","4578407","240968","28916","41423"
"10","Eternal Void","2024-05","4381213","219060","19167","39639"
"11","Eternal Void","2024-06","4651063","211411","37789","139531"
"12","Eternal Void","2024-07","6348042","334107","74682","75571"
"13","Iron Serpent","2023-08","1034979","54472","2897","9056"
"14","Iron Serpent","2023-09","1017239","48439","4577","21313"
"15","Iron Serpent","2023-10","923605","51311","6349","18087"
"16","Iron Serpent","2023-11","943969","37758","4719","15596"
"17","Iron Serpent","2023-12","1033887","46994","2697","11372"
"18","Iron Serpent","2024-01","1095445","64437","9737","18987"
"19","Iron Serpent","2024-02","1058750","50416","2786","9999"
"20","Iron Serpent","2024-03","1094974","72998","6159","32849"
"21","Iron Serpent","2024-04","835530","33421","2658","21166"
"22","Iron Serpent","2024-05","1039218","57734","6350","16627"
"23","Iron Serpent","2024-06","1161521","55310","4782","10163"
"24","Iron Serpent","2024-07","1519684","84426","11578","15196"
"25","Crimson Hammer","2023-08","3807895","158662","15866","109476"
"26","Crimson Hammer","2023-09","3700737","246715","23550","55511"
"27","Crimson Hammer","2023-10","3611403","225712","30954","22356"
"28","Crimson Hammer","2023-11","4168036","231557","39695","49495"
"29","Crimson Hammer","2023-12","3952817","164700","30116","65307"
"30","Crimson Hammer","2024-01","3613964","157128","19876","65051"
"31","Crimson Hammer","2024-02","3279313","131172","12297","55605"
"32","Crimson Hammer","2024-03","3414518","200854","28454","82350"
"33","Crimson Hammer","2024-04","4235638","264727","32190","63534"
"34","Crimson Hammer","2024-05","4006090","190766","28376","59037"
"35","Crimson Hammer","2024-06","4781394","217336","40264","59767"
"36","Crimson Hammer","2024-07","5890559","327253","33294","53996"
"37","Shadow Throne","2023-08","718693","35934","3234","8820"
"38","Shadow Throne","2023-09","932634","46631","4196","7206"
"39","Shadow Throne","2023-10","825526","43448","5341","10548"
"40","Shadow Throne","2023-11","891859","52462","4459","6102"
"41","Shadow Throne","2023-12","889703","55606","6066","12789"
"42","Shadow Throne","2024-01","792134","41691","7544","14402"
"43","Shadow Throne","2024-02","816070","32642","7680","15015"
"44","Shadow Throne","2024-03","883708","40168","2454","21208"
"45","Shadow Throne","2024-04","747821","43989","6076","22902"
"46","Shadow Throne","2024-05","949438","49970","5366","11145"
"47","Shadow Throne","2024-06","1025168","41006","8023","22425"
"48","Shadow Throne","2024-07","1255336","83689","11357","29888"
"49","Blackened Sky","2023-08","4171414","166856","27809","65291"
"50","Blackened Sky","2023-09","3897238","229249","32094","81842"
"51","Blackened Sky","2023-10","4109297","205464","21439","44380"
"52","Blackened Sky","2023-11","4436508","295767","39145","64329"
"53","Blackened Sky","2023-12","4031367","237139","48376","69429"
"54","Blackened Sky","2024-01","3568492","223030","17066","32286"
"55","Blackened Sky","2024-02","4306136","215306","10252","26211"
"56","Blackened Sky","2024-03","4236922","176538","22430","73685"
"57","Blackened Sky","2024-04","3644490","214381","14577","52480"
"58","Blackened Sky","2024-05","3848402","183257","24901","20845"
"59","Blackened Sky","2024-06","5101738","242939","19435","119040"
"60","Blackened Sky","2024-07","4681423","275377","40126","38302"
"61","Steel Reaper","2023-08","2588661","136245","14631","14631"
"62","Steel Reaper","2023-09","2701060","180070","14045","22508"
"63","Steel Reaper","2023-10","2682271","116620","25146","39339"
"64","Steel Reaper","2023-11","2794514","111780","20120","41182"
"65","Steel Reaper","2023-12","3024499","120979","21996","65265"
"66","Steel Reaper","2024-01","2753378","183558","10707","12619"
"67","Steel Reaper","2024-02","3155227","166064","18029","56794"
"68","Steel Reaper","2024-03","2397437","133190","11987","50769"
"69","Steel Reaper","2024-04","3117760","194860","10844","28343"
"70","Steel Reaper","2024-05","3181864","132577","27841","37879"
"71","Steel Reaper","2024-06","2880145","169420","12000","52520"
"72","Steel Reaper","2024-07","4067020","239236","27113","51967"
"73","Venom Storm","2023-08","1762358","73431","11403","50520"
"74","Venom Storm","2023-09","1864404","84745","7676","34344"
"75","Venom Storm","2023-10","1823086","82867","7292","22788"
"76","Venom Storm","2023-11","1690951","105684","7045","36893"
"77","Venom Storm","2023-12","1489554","67707","10724","23584"
"78","Venom Storm","2024-01","1647535","109835","4805","50524"
"79","Venom Storm","2024-02","1875181","104176","16072","16965"
"80","Venom Storm","2024-03","1806479","72259","15484","46165"
"81","Venom Storm","2024-04","1619690","101230","6478","28872"
"82","Venom Storm","2024-05","1530469","90027","7652","21293"
"83","Venom Storm","2024-06","2084735","99273","20847","50278"
"84","Venom Storm","2024-07","2093392","139559","12742","43263"
"85","Dark Prophecy","2023-08","1782475","74269","5198","49909"
"86","Dark Prophecy","2023-09","1727583","101622","10365","18026"
"87","Dark Prophecy","2023-10","1862005","88666","6703","23698"
"88","Dark Prophecy","2023-11","2114085","91916","4404","11744"
"89","Dark Prophecy","2023-12","1783601","81072","6979","27141"
"90","Dark Prophecy","2024-01","1716022","85801","16343","37180"
"91","Dark Prophecy","2024-02","2186940","91122","10934","56860"
"92","Dark Prophecy","2024-03","2165950","113997","15289","47380"
"93","Dark Prophecy","2024-04","2024134","101206","16385","15181"
"94","Dark Prophecy","2024-05","2161994","86479","25943","29585"
"95","Dark Prophecy","2024-06","1941787","97089","7995","55969"
"96","Dark Prophecy","2024-07","2689583","149421","7016","43545"
"97","Blood Oath","2023-08","3852728","183463","9631","78889"
"98","Blood Oath","2023-09","3708045","161219","30017","85285"
"99","Blood Oath","2023-10","3586216","199234","26896","51800"
"100","Blood Oath","2023-11","4093690","227427","24562","33493"
"101","Blood Oath","2023-12","3505297","233686","18557","109832"
"102","Blood Oath","2024-01","4010206","182282","40102","91661"
"103","Blood Oath","2024-02","4003844","266922","16682","49571"
"104","Blood Oath","2024-03","3978517","234030","45089","77230"
"105","Blood Oath","2024-04","3902723","169683","17562","89762"
"106","Blood Oath","2024-05","3372361","140515","19672","41658"
"107","Blood Oath","2024-06","4793403","191736","20543","91302"
"108","Blood Oath","2024-07","5608826","350551","25494","95679"
"109","Frozen Crown","2023-08","2584642","103385","21969","47611"
"110","Frozen Crown","2023-09","2671454","157144","20035","60552"
"111","Frozen Crown","2023-10","2583291","151958","21274","51665"
"112","Frozen Crown","2023-11","2483551","112888","6898","35763"
"113","Frozen Crown","2023-12","2601540","104061","13007","28183"
"114","Frozen Crown","2024-01","2725787","113574","13628","40169"
"115","Frozen Crown","2024-02","2231467","89258","17851","13016"
"116","Frozen Crown","2024-03","2283771","120198","10048","38958"
"117","Frozen Crown","2024-04","2351330","111968","22043","47026"
"118","Frozen Crown","2024-05","2440533","106110","24405","53247"
"119","Frozen Crown","2024-06","2463503","164233","12965","15250"
"120","Frozen Crown","2024-07","3961662","247603","9904","56123"
"121","Death Valley","2023-08","422107","17587","2954","10552"
"122","Death Valley","2023-09","359045","17097","2611","6155"
"123","Death Valley","2023-10","396737","24796","3022","3549"
"124","Death Valley","2023-11","418003","16720","4180","1990"
"125","Death Valley","2023-12","410563","20528","2150","5618"
"126","Death Valley","2024-01","399195","17356","3991","3810"
"127","Death Valley","2024-02","354268","17713","3188","4871"
"128","Death Valley","2024-03","367020","17477","1295","2936"
"129","Death Valley","2024-04","387241","16836","1426","4783"
"130","Death Valley","2024-05","344257","15648","2536","4360"
"131","Death Valley","2024-06","476949","26497","993","5636"
"132","Death Valley","2024-07","512259","26961","2049","10458"
"133","Chaos Theory","2023-08","290100","19340","2296","4483"
"134","Chaos Theory","2023-09","329964","15712","1833","8799"
"135","Chaos Theory","2023-10","334252","13370","2841","4278"
"136","Chaos Theory","2023-11","312332","19520","2555","4997"
"137","Chaos Theory","2023-12","269905","10796","994","2699"
"138","Chaos Theory","2024-01","277671","14614","2950","4892"
"139","Chaos Theory","2024-02","329639","20602","2266","2746"
"140","Chaos Theory","2024-03","308897","19306","2100","4412"
"141","Chaos Theory","2024-04","320475","15260","801","2203"
"142","Chaos Theory","2024-05","313273","14239","1362","2088"
"143","Chaos Theory","2024-06","398763","16615","2278","10283"
"144","Chaos Theory","2024-07","467748","31183","2104","7483"
"145","Infernal Machine","2023-08","310381","12932","2257","2133"
"146","Infernal Machine","2023-09","288181","14409","1584","6038"
"147","Infernal Machine","2023-10","257282","11694","1125","5958"
"148","Infernal Machine","2023-11","335577","13982","3532","7303"
"149","Infernal Machine","2023-12","331869","17466","2370","4978"
"150","Infernal Machine","2024-01","328785","19340","2054","2540"
"151","Infernal Machine","2024-02","301132","13092","1380","6691"
"152","Infernal Machine","2024-03","323131","15387","2513","5856"
"153","Infernal Machine","2024-04","274205","13057","1371","6855"
"154","Infernal Machine","2024-05","299697","13030","1569","5161"
"155","Infernal Machine","2024-06","356795","16217","2098","2718"
"156","Infernal Machine","2024-07","444713","26159","3335","4669"
"157","Grave Keeper","2023-08","394948","15797","1579","8688"
"158","Grave Keeper","2023-09","426251","25073","2046","9945"
"159","Grave Keeper","2023-10","403992","16159","1580","8079"
"160","Grave Keeper","2023-11","446914","18621","3165","3277"
"161","Grave Keeper","2023-12","398143","18097","3384","10838"
"162","Grave Keeper","2024-01","465888","31059","4348","11524"
"163","Grave Keeper","2024-02","444351","20197","2488","9945"
"164","Grave Keeper","2024-03","379947","19997","4306","8073"
"165","Grave Keeper","2024-04","477121","19084","2147","3515"
"166","Grave Keeper","2024-05","482943","20997","4829","4587"
"167","Grave Keeper","2024-06","459600","22980","2106","2298"
"168","Grave Keeper","2024-07","611341","40756","3396","13024"
"169","War Ensemble","2023-08","300878","15835","3196","9427"
"170","War Ensemble","2023-09","273831","10953","3042","4107"
"171","War Ensemble","2023-10","280321","14753","2437","1752"
"172","War Ensemble","2023-11","255990","11635","3011","3359"
"173","War Ensemble","2023-12","245198","13622","1783","6048"
"174","War Ensemble","2024-01","250514","13184","939","2505"
"175","War Ensemble","2024-02","273120","15173","569","1899"
"176","War Ensemble","2024-03","311124","17284","1926","2570"
"177","War Ensemble","2024-04","305472","13281","1437","7738"
"178","War Ensemble","2024-05","256271","14237","1332","1863"
"179","War Ensemble","2024-06","295187","17363","2310","6026"
"180","War Ensemble","2024-07","449905","26465","2811","5356"
"181","Silent Scream","2023-08","195299","10849","1766","3515"
"182","Silent Scream","2023-09","221618","9635","2014","2799"
"183","Silent Scream","2023-10","216861","12047","765","4337"
"184","Silent Scream","2023-11","226131","15075","2660","2261"
"185","Silent Scream","2023-12","226251","9050","1810","1357"
"186","Silent Scream","2024-01","217362","9880","1901","5977"
"187","Silent Scream","2024-02","222475","14831","580","4651"
"188","Silent Scream","2024-03","233782","13751","2026","1461"
"189","Silent Scream","2024-04","192542","10696","1585","2005"
"190","Silent Scream","2024-05","186832","8123","1167","896"
"191","Silent Scream","2024-06","220954","14730","2099","4720"
"192","Silent Scream","2024-07","299781","19985","3372","4346"
"193","Nuclear Winter","2023-08","400585","19075","5007","7844"
"194","Nuclear Winter","2023-09","346369","15059","4618","5264"
"195","Nuclear Winter","2023-10","333470","17551","2273","3195"
"196","Nuclear Winter","2023-11","435910","24217","2451","7436"
"197","Nuclear Winter","2023-12","425747","20273","3096","4470"
"198","Nuclear Winter","2024-01","338720","16129","2798","2303"
"199","Nuclear Winter","2024-02","388828","16201","1227","6221"
"200","Nuclear Winter","2024-03","371690","15487","1351","6814"
"201","Nuclear Winter","2024-04","440032","29335","3562","9318"
"202","Nuclear Winter","2024-05","435480","24193","5516","2395"
"203","Nuclear Winter","2024-06","391239","19561","1956","13041"
"204","Nuclear Winter","2024-07","514630","32164","4210","6518"
"205","Serpent King","2023-08","309725","20648","1077","8465"
"206","Serpent King","2023-09","362413","17257","1102","9060"
"207","Serpent King","2023-10","319710","18806","1798","1332"
"208","Serpent King","2023-11","349461","18392","1310","3931"
"209","Serpent King","2023-12","370399","21788","3314","6349"
"210","Serpent King","2024-01","323060","20191","942","5922"
"211","Serpent King","2024-02","301784","12574","1844","6412"
"212","Serpent King","2024-03","283146","12310","1651","3129"
"213","Serpent King","2024-04","317846","15892","1589","7946"
"214","Serpent King","2024-05","301468","15073","1428","7201"
"215","Serpent King","2024-06","358710","17935","1024","3964"
"216","Serpent King","2024-07","487600","22163","1706","8604"
"217","Toxic Reign","2023-08","180527","11282","1486","5190"
"218","Toxic Reign","2023-09","214836","8951","1263","2050"
"219","Toxic Reign","2023-10","213825","13364","980","2004"
"220","Toxic Reign","2023-11","185242","9749","644","1010"
"221","Toxic Reign","2023-12","213372","8890","1778","1280"
"222","Toxic Reign","2024-01","186836","9341","1376","2283"
"223","Toxic Reign","2024-02","171219","6848","733","901"
"224","Toxic Reign","2024-03","160386","10692","1523","2405"
"225","Toxic Reign","2024-04","195428","11495","1016","5319"
"226","Toxic Reign","2024-05","185230","9748","833","3788"
"227","Toxic Reign","2024-06","233907","9356","1926","7640"
"228","Toxic Reign","2024-07","269207","10768","807","4564"
"229","Lightning Bolt","2023-08","135858","6792","792","2975"
"230","Lightning Bolt","2023-09","128971","6448","1018","1065"
"231","Lightning Bolt","2023-10","142501","5937","453","2850"
"232","Lightning Bolt","2023-11","124438","5656","585","2644"
"233","Lightning Bolt","2023-12","110563","4422","1105","1013"
"234","Lightning Bolt","2024-01","118883","5944","489","2660"
"235","Lightning Bolt","2024-02","135523","7529","1355","985"
"236","Lightning Bolt","2024-03","143374","6517","896","2580"
"237","Lightning Bolt","2024-04","125020","6945","654","2812"
"238","Lightning Bolt","2024-05","118613","5648","790","741"
"239","Lightning Bolt","2024-06","135583","7532","1084","1977"
"240","Lightning Bolt","2024-07","170198","10637","1405","2502"
"241","Ancient Curse","2023-08","514982","25749","1931","9681"
"242","Ancient Curse","2023-09","476114","25058","1523","6348"
"243","Ancient Curse","2023-10","484922","30307","3879","9455"
"244","Ancient Curse","2023-11","512188","26957","3278","11381"
"245","Ancient Curse","2023-12","447896","26346","3545","8744"
"246","Ancient Curse","2024-01","541472","21658","2165","7062"
"247","Ancient Curse","2024-02","444517","22225","2667","5859"
"248","Ancient Curse","2024-03","503218","25160","4313","7548"
"249","Ancient Curse","2024-04","546492","36432","6429","6903"
"250","Ancient Curse","2024-05","474258","20619","3952","12449"
"251","Ancient Curse","2024-06","642121","29187","5545","13518"
"252","Ancient Curse","2024-07","669223","41826","3903","13778"
"253","Phantom Lord","2023-08","243418","13523","1318","2963"
"254","Phantom Lord","2023-09","195930","8518","1192","4003"
"255","Phantom Lord","2023-10","215039","12649","1331","1971"
"256","Phantom Lord","2023-11","242370","9694","1053","5987"
"257","Phantom Lord","2023-12","244728","14395","1767","3059"
"258","Phantom Lord","2024-01","242514","16167","1212","6952"
"259","Phantom Lord","2024-02","220313","12959","1591","1652"
"260","Phantom Lord","2024-03","231367","11017","1735","964"
"261","Phantom Lord","2024-04","197932","12370","1402","3864"
"262","Phantom Lord","2024-05","221149","11057","1769","4644"
"263","Phantom Lord","2024-06","234786","11739","2027","1118"
"264","Phantom Lord","2024-07","260343","14463","1249","3288"
"265","Burning Skies","2023-08","127942","5330","673","1791"
"266","Burning Skies","2023-09","152721","8484","381","1527"
"267","Burning Skies","2023-10","130632","5937","272","2177"
"268","Burning Skies","2023-11","152255","9515","761","1607"
"269","Burning Skies","2023-12","118799","7919","712","2313"
"270","Burning Skies","2024-01","117964","4915","638","2217"
"271","Burning Skies","2024-02","123642","8242","1236","860"
"272","Burning Skies","2024-03","141834","5909","397","866"
"273","Burning Skies","2024-04","134984","5624","821","1940"
"274","Burning Skies","2024-05","133204","7835","555","2497"
"275","Burning Skies","2024-06","163602","6816","995","2677"
"276","Burning Skies","2024-07","194949","10830","1578","3411"
"277","Crystal Tears","2023-08","464995","22142","2789","12141"
"278","Crystal Tears","2023-09","436469","22972","3394","7737"
"279","Crystal Tears","2023-10","461901","28868","3260","8994"
"280","Crystal Tears","2023-11","480390","26688","3602","10172"
"281","Crystal Tears","2023-12","421350","18319","2478","7110"
"282","Crystal Tears","2024-01","468181","22294","3745","8537"
"283","Crystal Tears","2024-02","441696","20077","5005","2120"
"284","Crystal Tears","2024-03","394303","15772","3943","3285"
"285","Crystal Tears","2024-04","388616","16896","3210","5586"
"286","Crystal Tears","2024-05","455476","18219","3131","4075"
"287","Crystal Tears","2024-06","515450","27128","5798","10543"
"288","Crystal Tears","2024-07","628667","34925","3841","4490"
"289","Dragon Force","2023-08","314250","19640","3142","1964"
"290","Dragon Force","2023-09","343371","19076","1373","8079"
"291","Dragon Force","2023-10","359772","14990","1514","4905"
"292","Dragon Force","2023-11","329904","16495","2611","6048"
"293","Dragon Force","2023-12","377882","19888","4487","2099"
"294","Dragon Force","2024-01","385378","15415","2040","5587"
"295","Dragon Force","2024-02","380250","15843","3306","4629"
"296","Dragon Force","2024-03","377649","20980","1208","4174"
"297","Dragon Force","2024-04","352941","14705","3333","1976"
"298","Dragon Force","2024-05","347388","15790","3656","8511"
"299","Dragon Force","2024-06","420310","22121","2568","8756"
"300","Dragon Force","2024-07","493289","21447","4289","4316"
"301","Eclipse Rising","2023-08","22907","954","119","386"
"302","Eclipse Rising","2023-09","19823","1321","198","327"
"303","Eclipse Rising","2023-10","21370","854","145","308"
"304","Eclipse Rising","2023-11","23158","926","231","324"
"305","Eclipse Rising","2023-12","18828","1046","94","90"
"306","Eclipse Rising","2024-01","21013","840","210","327"
"307","Eclipse Rising","2024-02","20270","1066","214","281"
"308","Eclipse Rising","2024-03","22657","1332","251","184"
"309","Eclipse Rising","2024-04","22754","1137","130","151"
"310","Eclipse Rising","2024-05","21081","916","281","276"
"311","Eclipse Rising","2024-06","22585","903","239","406"
"312","Eclipse Rising","2024-07","31067","1350","144","251"
"313","Fallen Angels","2023-08","39938","2102","290","299"
"314","Fallen Angels","2023-09","45673","1826","373","456"
"315","Fallen Angels","2023-10","42088","2630","219","946"
"316","Fallen Angels","2023-11","39216","2306","124","843"
"317","Fallen Angels","2023-12","47766","2388","282","1313"
"318","Fallen Angels","2024-01","40628","2389","454","876"
"319","Fallen Angels","2024-02","48902","2222","397","293"
"320","Fallen Angels","2024-03","49169","2892","549","670"
"321","Fallen Angels","2024-04","43218","2701","252","375"
"322","Fallen Angels","2024-05","48945","2719","259","1048"
"323","Fallen Angels","2024-06","45712","1987","288","1244"
"324","Fallen Angels","2024-07","60910","3806","551","1691"
"325","Ghost Legion","2023-08","25686","1027","342","330"
"326","Ghost Legion","2023-09","29322","1954","293","173"
"327","Ghost Legion","2023-10","33739","1984","112","281"
"328","Ghost Legion","2023-11","32102","1888","321","706"
"329","Ghost Legion","2023-12","26756","1216","101","438"
"330","Ghost Legion","2024-01","28252","1345","207","295"
"331","Ghost Legion","2024-02","29368","1727","185","146"
"332","Ghost Legion","2024-03","27128","1595","129","886"
"333","Ghost Legion","2024-04","32764","2047","385","275"
"334","Ghost Legion","2024-05","30393","1599","255","607"
"335","Ghost Legion","2024-06","35333","2078","255","155"
"336","Ghost Legion","2024-07","35972","2398","407","919"
"337","Hellfire","2023-08","27107","1694","129","632"
"338","Hellfire","2023-09","34999","1590","136","514"
"339","Hellfire","2023-10","29193","1717","139","486"
"340","Hellfire","2023-11","29638","1234","225","476"
"341","Hellfire","2023-12","31126","2075","192","458"
"342","Hellfire","2024-01","33988","2265","216","599"
"343","Hellfire","2024-02","30486","1793","266","362"
"344","Hellfire","2024-03","26501","1261","237","481"
"345","Hellfire","2024-04","27548","1836","210","513"
"346","Hellfire","2024-05","31467","1498","65","414"
"347","Hellfire","2024-06","37493","1704","441","309"
"348","Hellfire","2024-07","42528","2658","250","270"
"349","Ice Queen","2023-08","48888","2716","209","611"
"350","Ice Queen","2023-09","47782","1990","273","768"
"351","Ice Queen","2023-10","47789","2811","452","454"
"352","Ice Queen","2023-11","53454","3144","593","1138"
"353","Ice Queen","2023-12","46095","3073","100","1075"
"354","Ice Queen","2024-01","47832","2277","402","894"
"355","Ice Queen","2024-02","48004","2182","277","1242"
"356","Ice Queen","2024-03","53608","3350","167","446"
"357","Ice Queen","2024-04","49517","1980","117","415"
"358","Ice Queen","2024-05","50011","2000","529","343"
"359","Ice Queen","2024-06","61273","3404","191","466"
"360","Ice Queen","2024-07","72601","4840","464","1048"
"361","Judas Crown","2023-08","109926","4580","621","2198"
"362","Judas Crown","2023-09","100299","4360","710","1083"
"363","Judas Crown","2023-10","101663","4235","884","1299"
"364","Judas Crown","2023-11","97362","5124","311","1439"
"365","Judas Crown","2023-12","105913","5884","838","466"
"366","Judas Crown","2024-01","102279","4870","738","1022"
"367","Judas Crown","2024-02","111462","4458","401","2368"
"368","Judas Crown","2024-03","85337","3710","597","803"
"369","Judas Crown","2024-04","84553","5284","1014","1691"
"370","Judas Crown","2024-05","108443","4337","942","2168"
"371","Judas Crown","2024-06","96658","6041","351","1804"
"372","Judas Crown","2024-07","149264","7856","648","3109"
"373","Kill Switch","2023-08","30760","1464","291","430"
"374","Kill Switch","2023-09","32875","1315","82","630"
"375","Kill Switch","2023-10","30651","1613","306","354"
"376","Kill Switch","2023-11","28527","1426","216","155"
"377","Kill Switch","2023-12","27182","1510","322","236"
"378","Kill Switch","2024-01","31317","1423","197","231"
"379","Kill Switch","2024-02","33151","2210","287","364"
"380","Kill Switch","2024-03","30023","1667","204","655"
"381","Kill Switch","2024-04","25603","1506","96","440"
"382","Kill Switch","2024-05","34082","1622","170","319"
"383","Kill Switch","2024-06","37930","2528","237","216"
"384","Kill Switch","2024-07","46373","2016","463","283"
"385","Legion of Doom","2023-08","46163","2198","369","549"
"386","Legion of Doom","2023-09","46759","2226","280","779"
"387","Legion of Doom","2023-10","51233","2846","289","997"
"388","Legion of Doom","2023-11","55165","2758","459","1482"
"389","Legion of Doom","2023-12","49104","2046","144","1328"
"390","Legion of Doom","2024-01","50794","2031","564","1456"
"391","Legion of Doom","2024-02","57073","2717","494","730"
"392","Legion of Doom","2024-03","45733","2540","216","1158"
"393","Legion of Doom","2024-04","49750","3109","139","756"
"394","Legion of Doom","2024-05","56458","2454","451","887"
"395","Legion of Doom","2024-06","62807","2616","330","872"
"396","Legion of Doom","2024-07","77943","3897","311","1364"
"397","Midnight Rider","2023-08","60375","3773","603","855"
"398","Midnight Rider","2023-09","65324","4082","163","1115"
"399","Midnight Rider","2023-10","70737","4161","670","1120"
"400","Midnight Rider","2023-11","60322","2872","569","1180"
"401","Midnight Rider","2023-12","71767","4485","574","913"
"402","Midnight Rider","2024-01","69339","2889","512","774"
"403","Midnight Rider","2024-02","70328","3516","289","575"
"404","Midnight Rider","2024-03","68957","2758","172","1342"
"405","Midnight Rider","2024-04","66649","3507","526","666"
"406","Midnight Rider","2024-05","79579","4421","644","871"
"407","Midnight Rider","2024-06","83816","3991","512","419"
"408","Midnight Rider","2024-07","85863","4088","858","524"
"409","Night Terror","2023-08","87959","5497","830","1125"
"410","Night Terror","2023-09","87110","3959","816","514"
"411","Night Terror","2023-10","74262","2970","480","1343"
"412","Night Terror","2023-11","79759","5317","631","2093"
"413","Night Terror","2023-12","73840","3210","923","1358"
"414","Night Terror","2024-01","81921","4311","641","1940"
"415","Night Terror","2024-02","77236","3089","726","853"
"416","Night Terror","2024-03","80750","4037","646","1659"
"417","Night Terror","2024-04","77234","5148","401","1788"
"418","Night Terror","2024-05","85680","4080","321","1124"
"419","Night Terror","2024-06","92926","4646","767","1040"
"420","Night Terror","2024-07","101472","6342","730","2283"
"421","Oblivion","2023-08","42296","2819","225","613"
"422","Oblivion","2023-09","40140","2508","80","464"
"423","Oblivion","2023-10","40791","1942","171","294"
"424","Oblivion","2023-11","48246","2838","96","1362"
"425","Oblivion","2023-12","40320","2016","226","664"
"426","Oblivion","2024-01","46660","2744","349","783"
"427","Oblivion","2024-02","44387","1929","212","1122"
"428","Oblivion","2024-03","43408","1973","379","731"
"429","Oblivion","2024-04","42422","1696","178","565"
"430","Oblivion","2024-05","43773","1903","228","984"
"431","Oblivion","2024-06","55461","2919","321","244"
"432","Oblivion","2024-07","66396","4426","345","507"
"433","Pain Dealer","2023-08","50600","3162","263","534"
"434","Pain Dealer","2023-09","41597","1890","226","661"
"435","Pain Dealer","2023-10","47565","2503","228","751"
"436","Pain Dealer","2023-11","53381","2809","177","1194"
"437","Pain Dealer","2023-12","52306","2905","584","1004"
"438","Pain Dealer","2024-01","41788","1671","325","688"
"439","Pain Dealer","2024-02","43985","2587","439","707"
"440","Pain Dealer","2024-03","45431","2065","320","1256"
"441","Pain Dealer","2024-04","54330","2716","472","1412"
"442","Pain Dealer","2024-05","45788","2543","293","567"
"443","Pain Dealer","2024-06","56291","3127","250","592"
"444","Pain Dealer","2024-07","78261","3557","554","1667"
"445","Quantum Rift","2023-08","52644","2770","166","869"
"446","Quantum Rift","2023-09","50366","2518","167","613"
"447","Quantum Rift","2023-10","57170","3176","357","1679"
"448","Quantum Rift","2023-11","55932","2237","460","1223"
"449","Quantum Rift","2023-12","55174","3065","289","335"
"450","Quantum Rift","2024-01","59113","2814","483","558"
"451","Quantum Rift","2024-02","59091","3110","510","393"
"452","Quantum Rift","2024-03","51799","2589","427","712"
"453","Quantum Rift","2024-04","52897","2938","560","634"
"454","Quantum Rift","2024-05","58500","2925","203","936"
"455","Quantum Rift","2024-06","58598","2790","462","865"
"456","Quantum Rift","2024-07","84879","3536","664","1350"
"457","Razorback","2023-08","89425","4968","298","1907"
"458","Razorback","2023-09","70340","4689","351","468"
"459","Razorback","2023-10","71953","3597","431","519"
"460","Razorback","2023-11","84413","3517","1069","1635"
"461","Razorback","2023-12","78858","3154","946","670"
"462","Razorback","2024-01","78910","5260","986","720"
"463","Razorback","2024-02","81845","4814","477","603"
"464","Razorback","2024-03","79213","3168","633","1584"
"465","Razorback","2024-04","85534","3421","684","704"
"466","Razorback","2024-05","82067","5471","535","1123"
"467","Razorback","2024-06","84121","5608","885","1435"
"468","Razorback","2024-07","115192","4607","614","1047"
"469","Storm Bringer","2023-08","38683","2578","180","605"
"470","Storm Bringer","2023-09","42169","2480","84","869"
"471","Storm Bringer","2023-10","37850","2523","399","757"
"472","Storm Bringer","2023-11","49824","2622","135","473"
"473","Storm Bringer","2023-12","41128","1713","117","616"
"474","Storm Bringer","2024-01","49097","2454","519","959"
"475","Storm Bringer","2024-02","50486","2103","436","757"
"476","Storm Bringer","2024-03","37751","1797","211","449"
"477","Storm Bringer","2024-04","40442","1838","454","361"
"478","Storm Bringer","2024-05","48420","2200","258","968"
"479","Storm Bringer","2024-06","58411","3245","338","700"
"480","Storm Bringer","2024-07","69110","4319","164","497"
"481","Thunder God","2023-08","68328","3105","442","1406"
"482","Thunder God","2023-09","61062","3591","132","436"
"483","Thunder God","2023-10","63542","3025","279","1298"
"484","Thunder God","2023-11","68110","3243","480","653"
"485","Thunder God","2023-12","66882","4180","579","414"
"486","Thunder God","2024-01","65110","3426","274","995"
"487","Thunder God","2024-02","67804","2825","321","884"
"488","Thunder God","2024-03","65041","4065","384","569"
"489","Thunder God","2024-04","73423","3337","550","381"
"490","Thunder God","2024-05","62556","3292","225","1137"
"491","Thunder God","2024-06","81145","5071","378","859"
"492","Thunder God","2024-07","101581","4232","650","1625"
"493","Unleashed Fury","2023-08","48721","3045","487","714"
"494","Unleashed Fury","2023-09","44915","1952","449","524"
"495","Unleashed Fury","2023-10","52779","2638","322","738"
"496","Unleashed Fury","2023-11","49574","2609","495","320"
"497","Unleashed Fury","2023-12","46451","2111","440","687"
"498","Unleashed Fury","2024-01","49305","1972","431","903"
"499","Unleashed Fury","2024-02","42285","1761","400","440"
"500","Unleashed Fury","2024-03","43944","2441","494","681"
"501","Unleashed Fury","2024-04","42247","2640","202","482"
"502","Unleashed Fury","2024-05","50831","3176","568","1245"
"503","Unleashed Fury","2024-06","48822","2034","345","1104"
"504","Unleashed Fury","2024-07","64683","2940","242","565"
"505","Vortex","2023-08","48402","2200","231","779"
"506","Vortex","2023-09","53365","2134","311","412"
"507","Vortex","2023-10","48335","3222","322","314"
"508","Vortex","2023-11","46688","1945","369","603"
"509","Vortex","2023-12","51070","2127","238","466"
"510","Vortex","2024-01","46931","2470","156","563"
"511","Vortex","2024-02","40529","2533","385","1188"
"512","Vortex","2024-03","42861","1714","137","487"
"513","Vortex","2024-04","40761","1698","203","554"
"514","Vortex","2024-05","53463","2227","422","437"
"515","Vortex","2024-06","59357","3491","197","1115"
"516","Vortex","2024-07","72406","4022","482","1181"
"517","Warlord","2023-08","36704","1529","489","587"
"518","Warlord","2023-09","40979","1862","179","231"
"519","Warlord","2023-10","38453","2403","205","630"
"520","Warlord","2023-11","32215","1610","322","598"
"521","Warlord","2023-12","38641","2576","386","772"
"522","Warlord","2024-01","38843","1849","166","743"
"523","Warlord","2024-02","35439","2362","280","553"
"524","Warlord","2024-03","35734","2382","289","536"
"525","Warlord","2024-04","40085","1822","282","561"
"526","Warlord","2024-05","35600","1424","296","679"
"527","Warlord","2024-06","40012","1905","500","733"
"528","Warlord","2024-07","48341","1933","142","682"
"529","Xenomorph","2023-08","39453","1643","162","841"
"530","Xenomorph","2023-09","42352","2352","211","231"
"531","Xenomorph","2023-10","40999","2411","102","196"
"532","Xenomorph","2023-11","42337","1924","307","740"
"533","Xenomorph","2023-12","38298","2252","357","428"
"534","Xenomorph","2024-01","33559","1974","244","767"
"535","Xenomorph","2024-02","38976","1771","366","606"
"536","Xenomorph","2024-03","35641","1425","262","156"
"537","Xenomorph","2024-04","34794","2174","142","158"
"538","Xenomorph","2024-05","37661","2510","358","376"
"539","Xenomorph","2024-06","42457","2653","357","572"
"540","Xenomorph","2024-07","47974","2822","354","614"
"541","Yin Yang","2023-08","45499","1978","181","265"
"542","Yin Yang","2023-09","40717","1850","305","995"
"543","Yin Yang","2023-10","46924","2760","405","1290"
"544","Yin Yang","2023-11","44207","2947","552","884"
"545","Yin Yang","2023-12","39805","2095","424","723"
"546","Yin Yang","2024-01","38494","2264","91","267"
"547","Yin Yang","2024-02","35803","1704","89","634"
"548","Yin Yang","2024-03","40702","2394","351","318"
"549","Yin Yang","2024-04","47418","1975","274","341"
"550","Yin Yang","2024-05","47279","1891","260","341"
"551","Yin Yang","2024-06","49063","2453","388","387"
"552","Yin Yang","2024-07","52746","3296","305","316"
"553","Zero Hour","2023-08","25388","1057","101","328"
"554","Zero Hour","2023-09","27028","1501","101","218"
"555","Zero Hour","2023-10","24783","1239","61","123"
"556","Zero Hour","2023-11","21209","1247","137","279"
"557","Zero Hour","2023-12","20767","1384","232","443"
"558","Zero Hour","2024-01","26317","1315","225","137"
"559","Zero Hour","2024-02","23621","1073","123","459"
"560","Zero Hour","2024-03","21896","952","66","423"
"561","Zero Hour","2024-04","21718","904","203","472"
"562","Zero Hour","2024-05","27148","1696","195","328"
"563","Zero Hour","2024-06","24762","1179","188","484"
"564","Zero Hour","2024-07","32026","1334","194","167"
"565","Atomic Blast","2023-08","29641","1646","219","606"
"566","Atomic Blast","2023-09","33182","1843","232","358"
"567","Atomic Blast","2023-10","36116","1504","380","210"
"568","Atomic Blast","2023-11","32082","1336","76","452"
"569","Atomic Blast","2023-12","29249","1218","344","127"
"570","Atomic Blast","2024-01","28929","1446","231","450"
"571","Atomic Blast","2024-02","32822","1491","236","615"
"572","Atomic Blast","2024-03","34517","1816","409","835"
"573","Atomic Blast","2024-04","34983","1943","303","449"
"574","Atomic Blast","2024-05","28658","1791","229","370"
"575","Atomic Blast","2024-06","33568","1459","248","453"
"576","Atomic Blast","2024-07","44747","2130","422","391"
"577","Brutal Truth","2023-08","78407","4126","534","672"
"578","Brutal Truth","2023-09","99036","3961","450","873"
"579","Brutal Truth","2023-10","80815","3513","257","1949"
"580","Brutal Truth","2023-11","77823","4323","676","933"
"581","Brutal Truth","2023-12","101287","4823","714","445"
"582","Brutal Truth","2024-01","79732","4690","350","597"
"583","Brutal Truth","2024-02","82839","4141","331","1459"
"584","Brutal Truth","2024-03","78043","3121","918","1716"
"585","Brutal Truth","2024-04","99367","5520","632","1987"
"586","Brutal Truth","2024-05","99430","4971","1169","2237"
"587","Brutal Truth","2024-06","106817","5086","384","1068"
"588","Brutal Truth","2024-07","141166","5881","1333","3238"
"589","Carnage Inc","2023-08","31969","1332","116","339"
"590","Carnage Inc","2023-09","34464","1813","164","241"
"591","Carnage Inc","2023-10","32485","2165","185","339"
"592","Carnage Inc","2023-11","35994","1564","125","335"
"593","Carnage Inc","2023-12","41323","2174","303","319"
"594","Carnage Inc","2024-01","40502","1620","227","443"
"595","Carnage Inc","2024-02","41187","2059","313","320"
"596","Carnage Inc","2024-03","40399","1923","228","765"
"597","Carnage Inc","2024-04","32264","1402","70","691"
"598","Carnage Inc","2024-05","37397","1558","423","338"
"599","Carnage Inc","2024-06","44463","2615","277","666"
"600","Carnage Inc","2024-07","54979","2290","224","1151"